trial_id,U_exp,K_exp,D_exp,base_level_fall,divide_migration_distance,relief_at_steady_state,time_back_to_steady_state
1,-4.560546875,-6.806640625,-1.962890625,1.0302734375,0.0,1398.16316702,52939000
2,-4.439453125,-6.806640625,-1.962890625,1.0302734375,0.0,1847.80397634,52936000
3,-4.560546875,-5.185546875,-1.962890625,1.0302734375,1300.0,33.7487578011,10284000
4,-4.560546875,-6.806640625,-2.908203125,1.0302734375,0.0,1397.4089922,52938000
5,-4.560546875,-6.806640625,-1.962890625,1.6982421875,0.0,1398.16316702,52945000
6,-4.560546875,-5.185546875,-2.908203125,1.6982421875,2900.0,35.1437922835,9693000
7,-4.439453125,-6.806640625,-2.908203125,1.6982421875,0.0,1846.94530186,52944000
8,-4.439453125,-5.185546875,-1.962890625,1.6982421875,3500.0,43.693921384300005,22718000
9,-4.439453125,-5.185546875,-2.908203125,1.0302734375,0.0,50.1418403747,3211000
10,-4.439453125,-5.185546875,-2.908203125,1.6982421875,0.0,50.1418403747,3211000
11,-3.560546875,-5.806640625,-2.962890625,-0.4697265625,0.0,2124.76659433,9716000
12,-3.439453125,-5.806640625,-2.962890625,-0.4697265625,0.0,2759.73442525,9552000
13,-3.560546875,-6.185546875,-2.962890625,-0.4697265625,0.0,5292.03811602,21479000
14,-3.560546875,-5.806640625,-1.908203125,-0.4697265625,0.0,2009.57059307,9298000
15,-3.560546875,-5.806640625,-2.962890625,0.1982421875,0.0,2124.76659433,9716000
16,-3.560546875,-6.185546875,-1.908203125,0.1982421875,0.0,4683.70501215,19261000
17,-3.439453125,-5.806640625,-1.908203125,0.1982421875,0.0,2625.70652503,9226000
18,-3.439453125,-6.185546875,-2.962890625,0.1982421875,0.0,6987.30573907,21498000
19,-3.439453125,-6.185546875,-1.908203125,-0.4697265625,0.0,6061.35275655,19049000
20,-3.439453125,-6.185546875,-1.908203125,0.1982421875,0.0,6061.35275655,19049000
21,-3.060546875,-6.306640625,-1.462890625,1.7802734375,0.0,16632.7199655,21761000
22,-3.939453125,-6.306640625,-1.462890625,1.7802734375,0.0,2207.26175921,21725000
23,-3.060546875,-6.685546875,-1.462890625,1.7802734375,0.0,34438.5381149,44084000
24,-3.060546875,-6.306640625,-2.408203125,1.7802734375,0.0,20048.6139254,25490000
25,-3.060546875,-6.306640625,-1.462890625,-0.5517578125,0.0,16632.7199655,21761000
26,-3.060546875,-6.685546875,-2.408203125,-0.5517578125,0.0,44449.2396226,55081000
27,-3.939453125,-6.306640625,-2.408203125,-0.5517578125,0.0,2848.92654822,27239000
28,-3.939453125,-6.685546875,-1.462890625,-0.5517578125,0.0,4423.2509508,42335000
29,-3.939453125,-6.685546875,-2.408203125,1.7802734375,-100.0,5717.72135842,57752000
30,-3.939453125,-6.685546875,-2.408203125,-0.5517578125,0.0,5717.72135842,49894000
31,-4.060546875,-5.306640625,-2.462890625,0.2802734375,0.0,153.369848931,15025000
32,-4.939453125,-5.306640625,-2.462890625,0.2802734375,0.0,20.0223035911,6640000
33,-4.060546875,-5.685546875,-2.462890625,0.2802734375,0.0,350.347327906,11225000
34,-4.060546875,-5.306640625,-1.408203125,0.2802734375,0.0,134.792831458,7979000
35,-4.060546875,-5.306640625,-2.462890625,0.9482421875,100.0,153.369848931,18459000
36,-4.060546875,-5.685546875,-1.408203125,0.9482421875,0.0,341.596058228,10131000
37,-4.939453125,-5.306640625,-1.408203125,0.9482421875,1600.0,17.4961152423,9143000
38,-4.939453125,-5.685546875,-2.462890625,0.9482421875,300.0,45.1390075321,15678000
39,-4.939453125,-5.685546875,-1.408203125,0.2802734375,0.0,59.2343572022,7136000
40,-4.939453125,-5.685546875,-1.408203125,0.9482421875,0.0,59.2343572022,7136000
41,-4.310546875,-6.056640625,-2.712890625,-0.0947265625,0.0,734.250594068,17101000
42,-4.689453125,-6.056640625,-2.712890625,-0.0947265625,0.0,300.996674987,16779000
43,-4.310546875,-5.435546875,-2.712890625,-0.0947265625,0.0,113.03578946399999,8275000
44,-4.310546875,-6.056640625,-2.158203125,-0.0947265625,0.0,684.9773811069999,16096000
45,-4.310546875,-6.056640625,-2.712890625,-0.9267578125,0.0,734.250594068,17101000
46,-4.310546875,-5.435546875,-2.158203125,-0.9267578125,0.0,111.094611285,8905000
47,-4.689453125,-6.056640625,-2.158203125,-0.9267578125,0.0,287.772689523,16153000
48,-4.689453125,-5.435546875,-2.712890625,-0.9267578125,0.0,49.171368622399996,8651000
49,-4.689453125,-5.435546875,-2.158203125,-0.0947265625,0.0,47.0724595425,8510000
50,-4.689453125,-5.435546875,-2.158203125,-0.9267578125,0.0,47.0724595425,8510000
51,-3.310546875,-5.056640625,-1.712890625,1.4052734375,100.0,450.377534559,6912000
52,-3.689453125,-5.056640625,-1.712890625,1.4052734375,400.0,182.41670360400002,7397000
53,-3.310546875,-6.435546875,-1.712890625,1.4052734375,0.0,13156.4179064,29774000
54,-3.310546875,-5.056640625,-1.158203125,1.4052734375,200.0,479.55557153800004,8039000
55,-3.310546875,-5.056640625,-1.712890625,0.5732421875,0.0,450.377534559,4937000
56,-3.310546875,-6.435546875,-1.158203125,0.5732421875,0.0,10578.5458079,24545000
57,-3.689453125,-5.056640625,-1.158203125,0.5732421875,0.0,182.45175242,7652000
58,-3.689453125,-6.435546875,-1.712890625,0.5732421875,0.0,5692.18786897,31013000
59,-3.689453125,-6.435546875,-1.158203125,1.4052734375,0.0,4485.12296374,24771000
60,-3.689453125,-6.435546875,-1.158203125,0.5732421875,0.0,4485.12296374,24771000
61,-3.810546875,-6.556640625,-2.212890625,-0.8447265625,0.0,5960.67629199,41655000
62,-3.189453125,-6.556640625,-2.212890625,-0.8447265625,0.0,24071.2702803,40511000
63,-3.810546875,-6.935546875,-2.212890625,-0.8447265625,0.0,7851.18784113,50949000
64,-3.810546875,-6.556640625,-2.658203125,-0.8447265625,0.0,6884.17660353,48075000
65,-3.810546875,-6.556640625,-2.212890625,1.3232421875,0.0,5960.67629199,41655000
66,-3.810546875,-6.935546875,-2.658203125,1.3232421875,2000.0,7842.58710987,52925000
67,-3.189453125,-6.556640625,-2.658203125,1.3232421875,0.0,27065.1320958,45132000
68,-3.189453125,-6.935546875,-2.212890625,1.3232421875,0.0,32808.571936500004,52833000
69,-3.189453125,-6.935546875,-2.658203125,-0.8447265625,0.0,32781.8858101,50949000
70,-3.189453125,-6.935546875,-2.658203125,1.3232421875,2000.0,32781.8858101,52833000
71,-4.810546875,-5.556640625,-1.212890625,0.6552734375,100.0,41.1703258061,10452000
72,-4.189453125,-5.556640625,-1.212890625,0.6552734375,0.0,216.881198013,5313000
73,-4.810546875,-5.935546875,-1.212890625,0.6552734375,0.0,135.161567625,10794000
74,-4.810546875,-5.556640625,-1.658203125,0.6552734375,100.0,41.9541866552,17189000
75,-4.810546875,-5.556640625,-1.212890625,-0.1767578125,0.0,41.1703258061,10716000
76,-4.810546875,-5.935546875,-1.658203125,-0.1767578125,0.0,152.92928629899998,11878000
77,-4.189453125,-5.556640625,-1.658203125,-0.1767578125,0.0,180.817584877,12542000
78,-4.189453125,-5.935546875,-1.212890625,-0.1767578125,0.0,549.175125942,10527000
79,-4.189453125,-5.935546875,-1.658203125,0.6552734375,0.0,614.220894013,11524000
80,-4.189453125,-5.935546875,-1.658203125,-0.1767578125,0.0,614.220894013,11524000
81,-4.873046875,-6.619140625,-2.900390625,0.3740234375,100.0,673.529180376,57224000
82,-3.751953125,-6.619140625,-2.900390625,0.3740234375,0.0,8754.61415024,52853000
83,-4.873046875,-6.498046875,-2.900390625,0.3740234375,0.0,551.211679135,43951000
84,-4.873046875,-6.619140625,-1.095703125,0.3740234375,0.0,416.05903332800006,34650000
85,-4.873046875,-6.619140625,-2.900390625,1.4169921875,100.0,673.529180376,57224000
86,-4.873046875,-6.498046875,-1.095703125,1.4169921875,200.0,319.531409082,39049000
87,-3.751953125,-6.619140625,-1.095703125,1.4169921875,0.0,6475.10591398,41918000
88,-3.751953125,-6.498046875,-2.900390625,1.4169921875,0.0,6936.53669231,42444000
89,-3.751953125,-6.498046875,-1.095703125,0.3740234375,0.0,4232.36440434,26734000
90,-3.751953125,-6.498046875,-1.095703125,1.4169921875,0.0,4232.36440434,26734000
91,-3.873046875,-5.619140625,-1.900390625,1.8740234375,0.0,442.23711843,13373000
92,-4.751953125,-5.619140625,-1.900390625,1.8740234375,100.0,57.229584233599994,13228000
93,-3.873046875,-5.498046875,-1.900390625,1.8740234375,800.0,339.344711273,16213000
94,-3.873046875,-5.619140625,-2.095703125,1.8740234375,500.0,439.387634918,15904000
95,-3.873046875,-5.619140625,-1.900390625,-0.0830078125,0.0,442.23711843,11076000
96,-3.873046875,-5.498046875,-2.095703125,-0.0830078125,0.0,342.768565474,11776000
97,-4.751953125,-5.619140625,-2.095703125,-0.0830078125,0.0,58.0590808938,11476000
98,-4.751953125,-5.498046875,-1.900390625,-0.0830078125,0.0,44.00540187560001,13987000
99,-4.751953125,-5.498046875,-2.095703125,1.8740234375,1700.0,46.1557952708,11549000
100,-4.751953125,-5.498046875,-2.095703125,-0.0830078125,0.0,46.1557952708,8144000
101,-3.373046875,-6.119140625,-2.400390625,-0.3759765625,0.0,6624.32204702,17810000
102,-4.251953125,-6.119140625,-2.400390625,-0.3759765625,0.0,916.596140707,18530000
103,-3.373046875,-5.998046875,-2.400390625,-0.3759765625,0.0,5081.19795966,14083000
104,-3.373046875,-6.119140625,-1.595703125,-0.3759765625,0.0,5749.9252952,15725000
105,-3.373046875,-6.119140625,-2.400390625,-0.8330078125,0.0,6624.32204702,17810000
106,-3.373046875,-5.998046875,-1.595703125,-0.8330078125,0.0,4381.45870272,12432000
107,-4.251953125,-6.119140625,-1.595703125,-0.8330078125,0.0,782.797959818,16124000
108,-4.251953125,-5.998046875,-2.400390625,-0.8330078125,0.0,695.040064881,14492000
109,-4.251953125,-5.998046875,-1.595703125,-0.3759765625,0.0,595.104581638,12667000
110,-4.251953125,-5.998046875,-1.595703125,-0.8330078125,0.0,595.104581638,12667000
111,-4.373046875,-5.119140625,-1.400390625,1.1240234375,1000.0,42.313582546599996,8493000
112,-3.251953125,-5.119140625,-1.400390625,1.1240234375,100.0,593.534440171,9745000
113,-4.373046875,-6.998046875,-1.400390625,1.1240234375,-100.0,2149.69302435,52920000
114,-4.373046875,-5.119140625,-2.595703125,1.1240234375,1500.0,46.746799478,8619000
115,-4.373046875,-5.119140625,-1.400390625,0.6669921875,500.0,42.313582546599996,8494000
116,-4.373046875,-6.998046875,-2.595703125,0.6669921875,0.0,2143.66131795,52916000
117,-3.251953125,-5.119140625,-2.595703125,0.6669921875,0.0,625.545904974,5803000
118,-3.251953125,-6.998046875,-1.400390625,0.6669921875,0.0,28418.205829900002,50922000
119,-3.251953125,-6.998046875,-2.595703125,1.1240234375,0.0,28353.128543400002,50949000
120,-3.251953125,-6.998046875,-2.595703125,0.6669921875,0.0,28353.128543400002,50949000
121,-4.123046875,-6.369140625,-1.650390625,0.7490234375,0.0,1830.60888293,27173000
122,-3.001953125,-6.369140625,-1.650390625,0.7490234375,0.0,22756.0912697,25891000
123,-4.123046875,-6.248046875,-1.650390625,0.7490234375,0.0,1379.29296297,20615000
124,-4.123046875,-6.369140625,-1.845703125,0.7490234375,0.0,1927.12341986,28454000
125,-4.123046875,-6.369140625,-1.650390625,-0.4580078125,0.0,1830.60888293,27173000
126,-4.123046875,-6.248046875,-1.845703125,-0.4580078125,0.0,1472.08689544,22003000
127,-3.001953125,-6.369140625,-1.845703125,-0.4580078125,0.0,23424.905262599998,26151000
128,-3.001953125,-6.248046875,-1.650390625,-0.4580078125,0.0,17515.508619099997,19982000
129,-3.001953125,-6.248046875,-1.845703125,0.7490234375,0.0,17759.167637900002,20120000
130,-3.001953125,-6.248046875,-1.845703125,-0.4580078125,0.0,17759.167637900002,20120000
131,-3.123046875,-5.369140625,-2.650390625,-0.7509765625,0.0,1709.97875122,4179000
132,-4.001953125,-5.369140625,-2.650390625,-0.7509765625,0.0,197.31506981599998,9528000
133,-3.123046875,-5.248046875,-2.650390625,-0.7509765625,0.0,1115.71593808,6774000
134,-3.123046875,-5.369140625,-2.845703125,-0.7509765625,0.0,1677.29657189,4150000
135,-3.123046875,-5.369140625,-2.650390625,1.0419921875,0.0,1709.97875122,4179000
136,-3.123046875,-5.248046875,-2.845703125,1.0419921875,0.0,1099.17535375,9038000
137,-4.001953125,-5.369140625,-2.845703125,1.0419921875,0.0,190.66125142299998,7132000
138,-4.001953125,-5.248046875,-2.650390625,1.0419921875,100.0,146.430311147,14060000
139,-4.001953125,-5.248046875,-2.845703125,-0.7509765625,0.0,161.369901894,3503000
140,-4.001953125,-5.248046875,-2.845703125,1.0419921875,0.0,161.369901894,3503000
141,-3.623046875,-6.869140625,-1.150390625,1.4990234375,-100.0,11716.7862391,51475000
142,-4.501953125,-6.869140625,-1.150390625,1.4990234375,-100.0,1548.5302138,51497000
143,-3.623046875,-5.748046875,-1.150390625,1.4990234375,0.0,1228.72679809,7145000
144,-3.623046875,-6.869140625,-1.345703125,1.4990234375,0.0,12028.813164799998,52622000
145,-3.623046875,-6.869140625,-1.150390625,1.7919921875,-100.0,11716.7862391,51482000
146,-3.623046875,-5.748046875,-1.345703125,1.7919921875,0.0,1349.74405165,7680000
147,-4.501953125,-6.869140625,-1.345703125,1.7919921875,0.0,1585.43419908,52531000
148,-4.501953125,-5.748046875,-1.150390625,1.7919921875,0.0,175.81902418,7583000
149,-4.501953125,-5.748046875,-1.345703125,1.4990234375,0.0,178.006157597,7652000
150,-4.501953125,-5.748046875,-1.345703125,1.7919921875,0.0,178.006157597,7652000
151,-4.623046875,-5.869140625,-2.150390625,-0.0009765625,0.0,215.677368807,11046000
152,-3.501953125,-5.869140625,-2.150390625,-0.0009765625,0.0,2641.81513708,10397000
153,-4.623046875,-6.748046875,-2.150390625,-0.0009765625,0.0,1209.97601126,52846000
154,-4.623046875,-5.869140625,-2.345703125,-0.0009765625,0.0,218.03557462,11131000
155,-4.623046875,-5.869140625,-2.150390625,0.2919921875,0.0,215.677368807,11046000
156,-4.623046875,-6.748046875,-2.345703125,0.2919921875,0.0,1210.91006585,52907000
157,-3.501953125,-5.869140625,-2.345703125,0.2919921875,0.0,2790.39735388,10883000
158,-3.501953125,-6.748046875,-2.150390625,0.2919921875,0.0,15910.3482564,50662000
159,-3.501953125,-6.748046875,-2.345703125,-0.0009765625,0.0,15974.682809900001,50862000
160,-3.501953125,-6.748046875,-2.345703125,0.2919921875,0.0,15974.682809900001,50862000
161,-4.748046875,-6.244140625,-1.025390625,-0.9384765625,0.0,260.670997065,16983000
162,-4.876953125,-6.244140625,-1.025390625,-0.9384765625,0.0,194.87499509999998,17043000
163,-4.748046875,-6.873046875,-1.025390625,-0.9384765625,0.0,856.015500043,48472000
164,-4.748046875,-6.244140625,-1.970703125,-0.9384765625,0.0,360.45690574099996,22471000
165,-4.748046875,-6.244140625,-1.025390625,-0.2705078125,0.0,260.670997065,16983000
166,-4.748046875,-6.873046875,-1.970703125,-0.2705078125,0.0,907.3710719869999,50945000
167,-4.876953125,-6.244140625,-1.970703125,-0.2705078125,0.0,271.640161831,22795000
168,-4.876953125,-6.873046875,-1.025390625,-0.2705078125,0.0,636.4116113819999,48486000
169,-4.876953125,-6.873046875,-1.970703125,-0.9384765625,0.0,674.309500349,50943000
170,-4.876953125,-6.873046875,-1.970703125,-0.2705078125,0.0,674.309500349,52853000
171,-3.748046875,-5.244140625,-2.025390625,0.5615234375,0.0,256.833218235,6710000
172,-3.876953125,-5.244140625,-2.025390625,0.5615234375,0.0,190.19731858,8683000
173,-3.748046875,-5.873046875,-2.025390625,0.5615234375,0.0,1589.17272423,10922000
174,-3.748046875,-5.244140625,-2.970703125,0.5615234375,0.0,257.854225176,6679000
175,-3.748046875,-5.244140625,-2.025390625,1.2294921875,100.0,256.833218235,11003000
176,-3.748046875,-5.873046875,-2.970703125,1.2294921875,0.0,1635.82812068,11161000
177,-3.876953125,-5.244140625,-2.970703125,1.2294921875,300.0,191.52517635799998,13163000
178,-3.876953125,-5.873046875,-2.025390625,1.2294921875,0.0,1185.38484348,10927000
179,-3.876953125,-5.873046875,-2.970703125,0.5615234375,0.0,1262.96742637,11533000
180,-3.876953125,-5.873046875,-2.970703125,1.2294921875,0.0,1262.96742637,11533000
181,-3.248046875,-6.744140625,-1.525390625,-0.1884765625,0.0,26294.6084231,51608000
182,-3.376953125,-6.744140625,-1.525390625,-0.1884765625,0.0,19576.2636801,51459000
183,-3.248046875,-5.373046875,-1.525390625,-0.1884765625,0.0,1242.75871544,4156000
184,-3.248046875,-6.744140625,-1.470703125,-0.1884765625,0.0,24787.3575965,47986000
185,-3.248046875,-6.744140625,-1.525390625,1.9794921875,0.0,26294.6084231,51608000
186,-3.248046875,-5.373046875,-1.470703125,1.9794921875,500.0,1027.11511436,16229000
187,-3.376953125,-6.744140625,-1.470703125,1.9794921875,-100.0,18425.9217741,49434000
188,-3.376953125,-5.373046875,-1.525390625,1.9794921875,900.0,874.078822129,10613000
189,-3.376953125,-5.373046875,-1.470703125,-0.1884765625,0.0,752.0566344910001,9792000
190,-3.376953125,-5.373046875,-1.470703125,1.9794921875,200.0,752.0566344910001,13163000
191,-4.248046875,-5.744140625,-2.525390625,1.3115234375,0.0,258.252397251,19713000
192,-4.376953125,-5.744140625,-2.525390625,1.3115234375,0.0,283.827106225,8707000
193,-4.248046875,-6.373046875,-2.525390625,1.3115234375,0.0,1667.69149563,32084000
194,-4.248046875,-5.744140625,-2.470703125,1.3115234375,0.0,374.80343998300003,8604000
195,-4.248046875,-5.744140625,-2.525390625,0.4794921875,0.0,258.252397251,19713000
196,-4.248046875,-6.373046875,-2.470703125,0.4794921875,0.0,1650.20648656,31778000
197,-4.376953125,-5.744140625,-2.470703125,0.4794921875,0.0,275.858945443,8541000
198,-4.376953125,-6.373046875,-2.525390625,0.4794921875,0.0,1255.49820203,32563000
199,-4.376953125,-6.373046875,-2.470703125,1.3115234375,0.0,1224.88805428,31812000
200,-4.376953125,-6.373046875,-2.470703125,0.4794921875,0.0,1224.88805428,31812000
201,-4.498046875,-6.994140625,-2.275390625,1.6865234375,0.0,1608.6745037,52944000
202,-4.126953125,-6.994140625,-2.275390625,1.6865234375,0.0,3782.06188163,52943000
203,-4.498046875,-6.623046875,-2.275390625,1.6865234375,0.0,1511.24079571,52975000
204,-4.498046875,-6.994140625,-1.220703125,1.6865234375,0.0,1603.23612301,52666000
205,-4.498046875,-6.994140625,-2.275390625,1.6044921875,0.0,1608.6745037,52943000
206,-4.498046875,-6.623046875,-1.220703125,1.6044921875,100.0,1002.30534243,36973000
207,-4.126953125,-6.994140625,-1.220703125,1.6044921875,0.0,3767.66653427,52650000
208,-4.126953125,-6.623046875,-2.275390625,1.6044921875,0.0,3545.47510024,52232000
209,-4.126953125,-6.623046875,-1.220703125,1.6865234375,0.0,2362.18891986,36218000
210,-4.126953125,-6.623046875,-1.220703125,1.6044921875,0.0,2362.18891986,36238000
211,-3.498046875,-5.994140625,-1.275390625,0.1865234375,0.0,3114.70767764,11873000
212,-3.126953125,-5.994140625,-1.275390625,0.1865234375,0.0,6936.19245124,11328000
213,-3.498046875,-5.623046875,-1.275390625,0.1865234375,0.0,1270.79841279,6055000
214,-3.498046875,-5.994140625,-2.220703125,0.1865234375,0.0,3711.35881111,13724000
215,-3.498046875,-5.994140625,-1.275390625,0.1044921875,0.0,3114.70767764,11873000
216,-3.498046875,-5.623046875,-2.220703125,0.1044921875,0.0,1065.8856007000002,17446000
217,-3.126953125,-5.994140625,-2.220703125,0.1044921875,0.0,8449.95445034,13360000
218,-3.126953125,-5.623046875,-1.275390625,0.1044921875,0.0,2975.98350517,5975000
219,-3.126953125,-5.623046875,-2.220703125,0.1865234375,0.0,2427.95493969,13798000
220,-3.126953125,-5.623046875,-2.220703125,0.1044921875,0.0,2427.95493969,13798000
221,-3.998046875,-6.494140625,-2.775390625,0.9365234375,0.0,3880.99243684,41612000
222,-3.626953125,-6.494140625,-2.775390625,0.9365234375,0.0,8726.10276596,39849000
223,-3.998046875,-5.123046875,-2.775390625,0.9365234375,0.0,109.76098708100001,5098000
224,-3.998046875,-6.494140625,-1.720703125,0.9365234375,0.0,3107.01534605,34221000
225,-3.998046875,-6.494140625,-2.775390625,-0.6455078125,0.0,3880.99243684,41612000
226,-3.998046875,-5.123046875,-1.720703125,-0.6455078125,0.0,104.936565795,6187000
227,-3.626953125,-6.494140625,-1.720703125,-0.6455078125,0.0,7294.91734471,34202000
228,-3.626953125,-5.123046875,-2.775390625,-0.6455078125,0.0,254.05716229599997,5148000
229,-3.626953125,-5.123046875,-1.720703125,0.9365234375,0.0,240.204657618,4582000
230,-3.626953125,-5.123046875,-1.720703125,-0.6455078125,0.0,240.204657618,4582000
231,-4.998046875,-5.494140625,-1.775390625,-0.5634765625,0.0,24.903110273200003,15332000
232,-4.626953125,-5.494140625,-1.775390625,-0.5634765625,0.0,57.60377351020001,8004000
233,-4.998046875,-6.123046875,-1.775390625,-0.5634765625,0.0,153.53842454600002,17406000
234,-4.998046875,-5.494140625,-2.720703125,-0.5634765625,0.0,26.4049726109,13948000
235,-4.998046875,-5.494140625,-1.775390625,0.8544921875,900.0,24.903110273200003,16356000
236,-4.998046875,-6.123046875,-2.720703125,0.8544921875,0.0,180.898616592,20063000
237,-4.626953125,-5.494140625,-2.720703125,0.8544921875,200.0,62.56692270560001,12550000
238,-4.626953125,-6.123046875,-1.775390625,0.8544921875,0.0,352.486529285,17031000
239,-4.626953125,-6.123046875,-2.720703125,-0.5634765625,0.0,409.36071391400003,19460000
240,-4.626953125,-6.123046875,-2.720703125,0.8544921875,0.0,409.36071391400003,19460000
241,-4.9970703125,-6.2470703125,-2.1044921875,0.46044921875,0.0,217.20396500799998,23957000
242,-3.8857421875,-6.2470703125,-2.1044921875,0.46044921875,0.0,2671.79048957,22843000
243,-4.9970703125,-5.3115234375,-2.1044921875,0.46044921875,600.0,16.4147256459,19207000
244,-4.9970703125,-6.2470703125,-2.5166015625,0.46044921875,0.0,228.354449588,25011000
245,-4.9970703125,-6.2470703125,-2.1044921875,0.76220703125,0.0,217.20396500799998,23957000
246,-4.9970703125,-5.3115234375,-2.5166015625,0.76220703125,700.0,17.9842519207,9098000
247,-3.8857421875,-6.2470703125,-2.5166015625,0.76220703125,0.0,2843.40429397,24242000
248,-3.8857421875,-5.3115234375,-2.1044921875,0.76220703125,600.0,219.569864541,7157000
249,-3.8857421875,-5.3115234375,-2.5166015625,0.46044921875,0.0,227.32873519900002,7092000
250,-3.8857421875,-5.3115234375,-2.5166015625,0.76220703125,0.0,227.32873519900002,7092000
251,-3.9970703125,-5.2470703125,-1.1044921875,1.96044921875,5500.0,131.588255324,17803000
252,-4.8857421875,-5.2470703125,-1.1044921875,1.96044921875,7400.0,17.537999316300002,9037000
253,-3.9970703125,-6.3115234375,-1.1044921875,1.96044921875,300.0,1659.89180235,37202000
254,-3.9970703125,-5.2470703125,-1.5166015625,1.96044921875,2800.0,142.526725178,10224000
255,-3.9970703125,-5.2470703125,-1.1044921875,-0.73779296875,0.0,131.588255324,13132000
256,-3.9970703125,-6.3115234375,-1.5166015625,-0.73779296875,0.0,2021.75082801,22704000
257,-4.8857421875,-5.2470703125,-1.5166015625,-0.73779296875,0.0,18.1451890501,7558000
258,-4.8857421875,-6.3115234375,-1.1044921875,-0.73779296875,0.0,225.049914831,19816000
259,-4.8857421875,-6.3115234375,-1.5166015625,1.96044921875,300.0,269.33188524900004,32792000
260,-4.8857421875,-6.3115234375,-1.5166015625,-0.73779296875,0.0,269.33188524900004,23196000
261,-3.4970703125,-6.7470703125,-2.6044921875,-0.28955078125,0.0,16185.9498861,50949000
262,-4.3857421875,-6.7470703125,-2.6044921875,-0.28955078125,0.0,2090.59540206,50945000
263,-3.4970703125,-6.8115234375,-2.6044921875,-0.28955078125,0.0,16177.7673361,50949000
264,-3.4970703125,-6.7470703125,-2.0166015625,-0.28955078125,0.0,15822.294072100001,49867000
265,-3.4970703125,-6.7470703125,-2.6044921875,0.01220703125,0.0,16185.9498861,50949000
266,-3.4970703125,-6.8115234375,-2.0166015625,0.01220703125,0.0,16175.642182,50948000
267,-4.3857421875,-6.7470703125,-2.0166015625,0.01220703125,0.0,2081.21973911,50714000
268,-4.3857421875,-6.8115234375,-2.6044921875,0.01220703125,0.0,2089.3785405000003,50948000
269,-4.3857421875,-6.8115234375,-2.0166015625,-0.28955078125,0.0,2090.32070488,50949000
270,-4.3857421875,-6.8115234375,-2.0166015625,0.01220703125,0.0,2090.32070488,50949000
271,-4.4970703125,-5.7470703125,-1.6044921875,1.21044921875,0.0,197.67478392299998,8211000
272,-3.3857421875,-5.7470703125,-1.6044921875,1.21044921875,0.0,2410.4417684,7889000
273,-4.4970703125,-5.8115234375,-1.6044921875,1.21044921875,0.0,228.75726975,9193000
274,-4.4970703125,-5.7470703125,-1.0166015625,1.21044921875,0.0,165.363530871,7167000
275,-4.4970703125,-5.7470703125,-1.6044921875,1.51220703125,0.0,197.67478392299998,8211000
276,-4.4970703125,-5.8115234375,-1.0166015625,1.51220703125,0.0,191.99632589700002,8037000
277,-3.3857421875,-5.7470703125,-1.0166015625,1.51220703125,0.0,2105.73062889,7122000
278,-3.3857421875,-5.8115234375,-1.6044921875,1.51220703125,0.0,2884.69131172,9028000
279,-3.3857421875,-5.8115234375,-1.0166015625,1.21044921875,0.0,2404.81192325,7848000
280,-3.3857421875,-5.8115234375,-1.0166015625,1.51220703125,0.0,2404.81192325,7848000
281,-4.2470703125,-6.9970703125,-1.3544921875,0.83544921875,-100.0,2871.89554219,52875000
282,-3.1357421875,-6.9970703125,-1.3544921875,0.83544921875,0.0,37114.3148878,50890000
283,-4.2470703125,-5.0615234375,-1.3544921875,0.83544921875,700.0,49.3542397617,12521000
284,-4.2470703125,-6.9970703125,-2.2666015625,0.83544921875,0.0,2867.79206632,52921000
285,-4.2470703125,-6.9970703125,-1.3544921875,0.38720703125,-100.0,2871.89554219,52820000
286,-4.2470703125,-5.0615234375,-2.2666015625,0.38720703125,0.0,53.803492821999995,4283000
287,-3.1357421875,-6.9970703125,-2.2666015625,0.38720703125,0.0,37086.619445,50949000
288,-3.1357421875,-5.0615234375,-1.3544921875,0.38720703125,0.0,645.031640761,5137000
289,-3.1357421875,-5.0615234375,-2.2666015625,0.83544921875,0.0,729.303186158,8789000
290,-3.1357421875,-5.0615234375,-2.2666015625,0.38720703125,-100.0,729.303186158,8791000
291,-3.2470703125,-5.9970703125,-2.3544921875,-0.66455078125,0.0,6539.3112279,13583000
292,-4.1357421875,-5.9970703125,-2.3544921875,-0.66455078125,0.0,891.4531708989999,14236000
293,-3.2470703125,-6.0615234375,-2.3544921875,-0.66455078125,0.0,7542.41436441,15398000
294,-3.2470703125,-5.9970703125,-1.2666015625,-0.66455078125,0.0,5359.94336538,11524000
295,-3.2470703125,-5.9970703125,-2.3544921875,1.88720703125,0.0,6539.3112279,13583000
296,-3.2470703125,-6.0615234375,-1.2666015625,1.88720703125,0.0,6215.9027426,13143000
297,-4.1357421875,-5.9970703125,-1.2666015625,1.88720703125,0.0,719.4316159269999,11907000
298,-4.1357421875,-6.0615234375,-2.3544921875,1.88720703125,0.0,1036.86843945,16260000
299,-4.1357421875,-6.0615234375,-1.2666015625,-0.66455078125,0.0,816.261475962,13230000
300,-4.1357421875,-6.0615234375,-1.2666015625,1.88720703125,0.0,816.261475962,13230000
301,-3.7470703125,-6.4970703125,-1.8544921875,1.58544921875,0.0,5559.84546346,33960000
302,-4.6357421875,-6.4970703125,-1.8544921875,1.58544921875,-100.0,774.680053695,38714000
303,-3.7470703125,-6.5615234375,-1.8544921875,1.58544921875,0.0,6614.86035984,40461000
304,-3.7470703125,-6.4970703125,-2.7666015625,1.58544921875,0.0,6716.02567666,40371000
305,-3.7470703125,-6.4970703125,-1.8544921875,1.13720703125,0.0,5559.84546346,33960000
306,-3.7470703125,-6.5615234375,-2.7666015625,1.13720703125,0.0,7849.75478258,47054000
307,-4.6357421875,-6.4970703125,-2.7666015625,1.13720703125,200.0,925.6820732310001,95833000
308,-4.6357421875,-6.5615234375,-1.8544921875,1.13720703125,0.0,885.726994753,42972000
309,-4.6357421875,-6.5615234375,-2.7666015625,1.58544921875,0.0,1081.51394355,51770000
310,-4.6357421875,-6.5615234375,-2.7666015625,1.13720703125,0.0,1081.51394355,49797000
311,-4.7470703125,-5.4970703125,-2.8544921875,0.08544921875,0.0,47.9203089856,8464000
312,-3.6357421875,-5.4970703125,-2.8544921875,0.08544921875,0.0,619.464276937,8332000
313,-4.7470703125,-5.5615234375,-2.8544921875,0.08544921875,0.0,81.93431031109999,6541000
314,-4.7470703125,-5.4970703125,-1.7666015625,0.08544921875,100.0,45.4452053684,11951000
315,-4.7470703125,-5.4970703125,-2.8544921875,-0.36279296875,0.0,47.9203089856,8464000
316,-4.7470703125,-5.5615234375,-1.7666015625,-0.36279296875,0.0,52.0038883184,15720000
317,-3.6357421875,-5.4970703125,-1.7666015625,-0.36279296875,0.0,595.679821083,7686000
318,-3.6357421875,-5.5615234375,-2.8544921875,-0.36279296875,0.0,741.591177063,9362000
319,-3.6357421875,-5.5615234375,-1.7666015625,0.08544921875,0.0,682.533933857,11750000
320,-3.6357421875,-5.5615234375,-1.7666015625,-0.36279296875,0.0,682.533933857,11330000
321,-4.6220703125,-6.6220703125,-1.9794921875,-0.85205078125,0.0,1068.61578899,49091000
322,-4.7607421875,-6.6220703125,-1.9794921875,-0.85205078125,0.0,776.3713113539999,48671000
323,-4.6220703125,-5.9365234375,-1.9794921875,-0.85205078125,0.0,254.03069431,12667000
324,-4.6220703125,-6.6220703125,-2.3916015625,-0.85205078125,0.0,1179.47774206,52902000
325,-4.6220703125,-6.6220703125,-1.9794921875,0.19970703125,0.0,1068.61578899,49091000
326,-4.6220703125,-5.9365234375,-2.3916015625,0.19970703125,0.0,256.245607486,12745000
327,-4.7607421875,-6.6220703125,-2.3916015625,0.19970703125,0.0,847.644774724,52475000
328,-4.7607421875,-5.9365234375,-1.9794921875,0.19970703125,0.0,186.256875064,12734000
329,-4.7607421875,-5.9365234375,-2.3916015625,-0.85205078125,0.0,187.270013531,12808000
330,-4.7607421875,-5.9365234375,-2.3916015625,0.19970703125,0.0,187.270013531,12808000
331,-3.6220703125,-5.6220703125,-2.9794921875,0.64794921875,0.0,1165.42694269,6842000
332,-3.7607421875,-5.6220703125,-2.9794921875,0.64794921875,0.0,834.5803804999999,6796000
333,-3.6220703125,-6.9365234375,-2.9794921875,0.64794921875,0.0,12107.116856899998,50949000
334,-3.6220703125,-5.6220703125,-1.3916015625,0.64794921875,0.0,984.195161761,6187000
335,-3.6220703125,-5.6220703125,-2.9794921875,1.69970703125,0.0,1165.42694269,6842000
336,-3.6220703125,-6.9365234375,-1.3916015625,1.69970703125,-200.0,12114.966616,52870000
337,-3.7607421875,-5.6220703125,-1.3916015625,1.69970703125,0.0,711.635321772,6068000
338,-3.7607421875,-6.9365234375,-2.9794921875,1.69970703125,0.0,8796.53585882,52938000
339,-3.7607421875,-6.9365234375,-1.3916015625,0.64794921875,0.0,8802.98916119,50888000
340,-3.7607421875,-6.9365234375,-1.3916015625,1.69970703125,-200.0,8802.98916119,52878000
341,-3.1220703125,-6.1220703125,-1.4794921875,-0.10205078125,0.0,9952.80669359,15419000
342,-3.2607421875,-6.1220703125,-1.4794921875,-0.10205078125,0.0,7210.388943600001,15307000
343,-3.1220703125,-6.4365234375,-1.4794921875,-0.10205078125,0.0,18200.342630900002,26795000
344,-3.1220703125,-6.1220703125,-2.8916015625,-0.10205078125,0.0,12217.306825900001,18304000
345,-3.1220703125,-6.1220703125,-1.4794921875,0.94970703125,0.0,9952.80669359,15419000
346,-3.1220703125,-6.4365234375,-2.8916015625,0.94970703125,0.0,24659.6459643,35481000
347,-3.2607421875,-6.1220703125,-2.8916015625,0.94970703125,0.0,9000.94746398,18592000
348,-3.2607421875,-6.4365234375,-1.4794921875,0.94970703125,0.0,13488.183695500002,27633000
349,-3.2607421875,-6.4365234375,-2.8916015625,-0.10205078125,0.0,18115.9436625,35897000
350,-3.2607421875,-6.4365234375,-2.8916015625,0.94970703125,0.0,18115.9436625,35897000
351,-4.1220703125,-5.1220703125,-2.4794921875,1.39794921875,1700.0,82.23690187140001,12111000
352,-4.2607421875,-5.1220703125,-2.4794921875,1.39794921875,1200.0,61.0103390338,7952000
353,-4.1220703125,-5.4365234375,-2.4794921875,1.39794921875,300.0,167.402978703,9811000
354,-4.1220703125,-5.1220703125,-1.8916015625,1.39794921875,1300.0,79.868457714,7596000
355,-4.1220703125,-5.1220703125,-2.4794921875,-0.55029296875,0.0,82.23690187140001,7872000
356,-4.1220703125,-5.4365234375,-1.8916015625,-0.55029296875,0.0,162.011739536,7291000
357,-4.2607421875,-5.1220703125,-1.8916015625,-0.55029296875,400.0,58.590958493100004,21449000
358,-4.2607421875,-5.4365234375,-2.4794921875,-0.55029296875,0.0,124.462200017,13551000
359,-4.2607421875,-5.4365234375,-1.8916015625,1.39794921875,600.0,117.613278406,11006000
360,-4.2607421875,-5.4365234375,-1.8916015625,-0.55029296875,0.0,117.613278406,8284000
361,-4.3720703125,-6.3720703125,-2.7294921875,1.77294921875,100.0,1250.0434243,49681000
362,-4.0107421875,-6.3720703125,-2.7294921875,1.77294921875,0.0,2853.86546497,31850000
363,-4.3720703125,-5.6865234375,-2.7294921875,1.77294921875,0.0,243.034431663,7733000
364,-4.3720703125,-6.3720703125,-2.6416015625,1.77294921875,0.0,1259.6986574999999,47286000
365,-4.3720703125,-6.3720703125,-2.7294921875,0.57470703125,0.0,1250.0434243,31836000
366,-4.3720703125,-5.6865234375,-2.6416015625,0.57470703125,0.0,252.414490071,7919000
367,-4.0107421875,-6.3720703125,-2.6416015625,0.57470703125,0.0,2854.45616268,31986000
368,-4.0107421875,-5.6865234375,-2.7294921875,0.57470703125,0.0,549.817158809,7660000
369,-4.0107421875,-5.6865234375,-2.6416015625,1.77294921875,0.0,563.471306021,7748000
370,-4.0107421875,-5.6865234375,-2.6416015625,0.57470703125,0.0,563.471306021,7748000
371,-3.3720703125,-5.3720703125,-1.7294921875,0.27294921875,0.0,800.0823444810001,8138000
372,-3.0107421875,-5.3720703125,-1.7294921875,0.27294921875,0.0,1839.59177698,7633000
373,-3.3720703125,-6.6865234375,-1.7294921875,0.27294921875,0.0,18417.273579499997,47272000
374,-3.3720703125,-5.3720703125,-1.6416015625,0.27294921875,0.0,773.730020035,12412000
375,-3.3720703125,-5.3720703125,-1.7294921875,-0.92529296875,0.0,800.0823444810001,8138000
376,-3.3720703125,-6.6865234375,-1.6416015625,-0.92529296875,0.0,17829.329444299998,46058000
377,-3.0107421875,-5.3720703125,-1.6416015625,-0.92529296875,0.0,1863.08249592,6357000
378,-3.0107421875,-6.6865234375,-1.7294921875,-0.92529296875,0.0,41167.1615508,46580000
379,-3.0107421875,-6.6865234375,-1.6416015625,0.27294921875,0.0,40081.6525684,45630000
380,-3.0107421875,-6.6865234375,-1.6416015625,-0.92529296875,0.0,40081.6525684,45630000
381,-3.8720703125,-6.8720703125,-2.2294921875,1.02294921875,300.0,6818.54282113,52906000
382,-3.5107421875,-6.8720703125,-2.2294921875,1.02294921875,0.0,15668.603321999999,52840000
383,-3.8720703125,-6.1865234375,-2.2294921875,1.02294921875,0.0,2437.18825258,20436000
384,-3.8720703125,-6.8720703125,-2.1416015625,1.02294921875,300.0,6819.66483156,52906000
385,-3.8720703125,-6.8720703125,-2.2294921875,-0.17529296875,0.0,6818.54282113,50949000
386,-3.8720703125,-6.1865234375,-2.1416015625,-0.17529296875,0.0,2441.73139203,20499000
387,-3.5107421875,-6.8720703125,-2.1416015625,-0.17529296875,0.0,15671.6293309,50949000
388,-3.5107421875,-6.1865234375,-2.2294921875,-0.17529296875,0.0,5609.12042951,20451000
389,-3.5107421875,-6.1865234375,-2.1416015625,1.02294921875,0.0,5533.74897462,20244000
390,-3.5107421875,-6.1865234375,-2.1416015625,-0.17529296875,0.0,5533.74897462,20244000
391,-4.8720703125,-5.8720703125,-1.2294921875,-0.47705078125,0.0,100.86521976200001,9509000
392,-4.5107421875,-5.8720703125,-1.2294921875,-0.47705078125,0.0,235.073406627,9621000
393,-4.8720703125,-5.1865234375,-1.2294921875,-0.47705078125,200.0,16.0623248022,8301000
394,-4.8720703125,-5.8720703125,-1.1416015625,-0.47705078125,0.0,98.1227769319,9317000
395,-4.8720703125,-5.8720703125,-1.2294921875,1.32470703125,0.0,100.86521976200001,9509000
396,-4.8720703125,-5.1865234375,-1.1416015625,1.32470703125,5200.0,15.3527849515,11635000
397,-4.5107421875,-5.8720703125,-1.1416015625,1.32470703125,0.0,226.82582097099998,9389000
398,-4.5107421875,-5.1865234375,-1.2294921875,1.32470703125,0.0,37.5647108166,3076000
399,-4.5107421875,-5.1865234375,-1.1416015625,-0.47705078125,0.0,36.6976932879,7474000
400,-4.5107421875,-5.1865234375,-1.1416015625,1.32470703125,1600.0,36.6976932879,8176000
401,-4.8095703125,-6.8095703125,-2.9169921875,1.49169921875,0.0,787.151884803,52942000
402,-3.4482421875,-6.8095703125,-2.9169921875,1.49169921875,300.0,18099.4579815,52910000
403,-4.8095703125,-6.7490234375,-2.9169921875,1.49169921875,300.0,787.725740942,52943000
404,-4.8095703125,-6.8095703125,-1.5791015625,1.49169921875,0.0,808.1737764769999,65972000
405,-4.8095703125,-6.8095703125,-2.9169921875,-0.08154296875,0.0,787.151884803,52878000
406,-4.8095703125,-6.7490234375,-1.5791015625,-0.08154296875,0.0,738.385892526,52087000
407,-3.4482421875,-6.8095703125,-1.5791015625,-0.08154296875,0.0,19167.094041099997,59261000
408,-3.4482421875,-6.7490234375,-2.9169921875,-0.08154296875,0.0,18108.650707900004,50949000
409,-3.4482421875,-6.7490234375,-1.5791015625,1.49169921875,0.0,16391.2862947,50886000
410,-3.4482421875,-6.7490234375,-1.5791015625,-0.08154296875,0.0,16391.2862947,50886000
411,-3.8095703125,-5.8095703125,-1.9169921875,-0.00830078125,0.0,1139.55497634,9345000
412,-4.4482421875,-5.8095703125,-1.9169921875,-0.00830078125,0.0,264.601159345,9424000
413,-3.8095703125,-5.7490234375,-1.9169921875,-0.00830078125,0.0,974.8867323110001,8266000
414,-3.8095703125,-5.8095703125,-2.5791015625,-0.00830078125,0.0,1192.99909642,9680000
415,-3.8095703125,-5.8095703125,-1.9169921875,1.41845703125,0.0,1139.55497634,9345000
416,-3.8095703125,-5.7490234375,-2.5791015625,1.41845703125,0.0,1018.39944838,8540000
417,-4.4482421875,-5.8095703125,-2.5791015625,1.41845703125,0.0,189.78464219,18366000
418,-4.4482421875,-5.7490234375,-1.9169921875,1.41845703125,0.0,229.112689237,8412000
419,-4.4482421875,-5.7490234375,-2.5791015625,-0.00830078125,0.0,246.827975645,8928000
420,-4.4482421875,-5.7490234375,-2.5791015625,1.41845703125,0.0,246.827975645,8928000
421,-3.3095703125,-6.3095703125,-2.4169921875,0.74169921875,0.0,12068.2727265,27321000
422,-4.9482421875,-6.3095703125,-2.4169921875,0.74169921875,0.0,289.66636794,28058000
423,-3.3095703125,-5.2490234375,-2.4169921875,0.74169921875,0.0,752.685916463,5740000
424,-3.3095703125,-6.3095703125,-1.0791015625,0.74169921875,0.0,8116.21159795,19090000
425,-3.3095703125,-6.3095703125,-2.4169921875,0.66845703125,0.0,12068.2727265,27321000
426,-3.3095703125,-5.2490234375,-1.0791015625,0.66845703125,0.0,667.7968245,4967000
427,-4.9482421875,-6.3095703125,-1.0791015625,0.66845703125,0.0,191.53922022900002,19506000
428,-4.9482421875,-5.2490234375,-2.4169921875,0.66845703125,1000.0,16.7228418061,11819000
429,-4.9482421875,-5.2490234375,-1.0791015625,0.74169921875,2500.0,14.9205290693,10309000
430,-4.9482421875,-5.2490234375,-1.0791015625,0.66845703125,1700.0,14.9205290693,9892000
431,-4.3095703125,-5.3095703125,-1.4169921875,-0.75830078125,0.0,78.67953431640001,7861000
432,-3.9482421875,-5.3095703125,-1.4169921875,-0.75830078125,0.0,182.898058051,5780000
433,-4.3095703125,-6.2490234375,-1.4169921875,-0.75830078125,0.0,842.074911748,19556000
434,-4.3095703125,-5.3095703125,-2.0791015625,-0.75830078125,0.0,82.535912067,6303000
435,-4.3095703125,-5.3095703125,-1.4169921875,-0.83154296875,0.0,78.67953431640001,7861000
436,-4.3095703125,-6.2490234375,-2.0791015625,-0.83154296875,0.0,1041.60978608,23700000
437,-3.9482421875,-5.3095703125,-2.0791015625,-0.83154296875,0.0,185.806390091,7060000
438,-3.9482421875,-6.2490234375,-1.4169921875,-0.83154296875,0.0,1900.35823624,19266000
439,-3.9482421875,-6.2490234375,-2.0791015625,-0.75830078125,0.0,2325.73733149,23038000
440,-3.9482421875,-6.2490234375,-2.0791015625,-0.83154296875,0.0,2325.73733149,23038000
441,-4.0595703125,-6.0595703125,-1.6669921875,-0.38330078125,0.0,1059.07719675,14192000
442,-3.6982421875,-6.0595703125,-1.6669921875,-0.38330078125,0.0,2487.13803305,14554000
443,-4.0595703125,-6.9990234375,-1.6669921875,-0.38330078125,0.0,4425.86726571,50949000
444,-4.0595703125,-6.0595703125,-1.3291015625,-0.38330078125,0.0,994.725728028,13531000
445,-4.0595703125,-6.0595703125,-1.6669921875,1.04345703125,0.0,1059.07719675,14192000
446,-4.0595703125,-6.9990234375,-1.3291015625,1.04345703125,0.0,4420.67089218,52852000
447,-3.6982421875,-6.0595703125,-1.3291015625,1.04345703125,0.0,2285.75167486,13559000
448,-3.6982421875,-6.9990234375,-1.6669921875,1.04345703125,0.0,10170.570606799998,52885000
449,-3.6982421875,-6.9990234375,-1.3291015625,-0.38330078125,0.0,10158.852802,50873000
450,-3.6982421875,-6.9990234375,-1.3291015625,1.04345703125,-100.0,10158.852802,52811000
451,-3.0595703125,-5.0595703125,-2.6669921875,1.11669921875,0.0,810.4004194889999,11683000
452,-4.6982421875,-5.0595703125,-2.6669921875,1.11669921875,4900.0,18.8166630108,10414000
453,-3.0595703125,-5.9990234375,-2.6669921875,1.11669921875,0.0,10712.0211195,14366000
454,-3.0595703125,-5.0595703125,-2.3291015625,1.11669921875,0.0,893.816665157,4275000
455,-3.0595703125,-5.0595703125,-2.6669921875,-0.45654296875,0.0,810.4004194889999,11702000
456,-3.0595703125,-5.9990234375,-2.3291015625,-0.45654296875,0.0,10384.4512769,13985000
457,-4.6982421875,-5.0595703125,-2.3291015625,-0.45654296875,0.0,18.6435901561,4418000
458,-4.6982421875,-5.9990234375,-2.6669921875,-0.45654296875,0.0,259.803588511,15013000
459,-4.6982421875,-5.9990234375,-2.3291015625,1.11669921875,0.0,259.965305313,15093000
460,-4.6982421875,-5.9990234375,-2.3291015625,-0.45654296875,0.0,259.965305313,15093000
461,-3.5595703125,-6.5595703125,-1.1669921875,0.36669921875,0.0,7930.87435135,32360000
462,-4.1982421875,-6.5595703125,-1.1669921875,0.36669921875,0.0,1728.6777885000001,30486000
463,-3.5595703125,-5.4990234375,-1.1669921875,0.36669921875,0.0,756.0057529219999,4705000
464,-3.5595703125,-6.5595703125,-1.8291015625,0.36669921875,0.0,9879.73335994,39047000
465,-3.5595703125,-6.5595703125,-1.1669921875,0.29345703125,0.0,7930.87435135,32360000
466,-3.5595703125,-5.4990234375,-1.8291015625,0.29345703125,0.0,762.943328553,7774000
467,-4.1982421875,-6.5595703125,-1.8291015625,0.29345703125,0.0,2361.7705799,40826000
468,-4.1982421875,-5.4990234375,-1.1669921875,0.29345703125,0.0,179.70504708400003,4784000
469,-4.1982421875,-5.4990234375,-1.8291015625,0.36669921875,0.0,154.870430602,7918000
470,-4.1982421875,-5.4990234375,-1.8291015625,0.29345703125,0.0,154.870430602,7918000
471,-4.5595703125,-5.5595703125,-2.1669921875,1.86669921875,600.0,81.5418028703,11285000
472,-3.1982421875,-5.5595703125,-2.1669921875,1.86669921875,0.0,1876.89722238,12698000
473,-4.5595703125,-6.4990234375,-2.1669921875,1.86669921875,300.0,976.926826302,57335000
474,-4.5595703125,-5.5595703125,-2.8291015625,1.86669921875,400.0,91.72648491540001,11409000
475,-4.5595703125,-5.5595703125,-2.1669921875,1.79345703125,600.0,81.5418028703,11288000
476,-4.5595703125,-6.4990234375,-2.8291015625,1.79345703125,0.0,1093.45816392,44417000
477,-3.1982421875,-5.5595703125,-2.8291015625,1.79345703125,0.0,1901.82962532,13138000
478,-3.1982421875,-6.4990234375,-2.1669921875,1.79345703125,0.0,21076.209936099996,36365000
479,-3.1982421875,-6.4990234375,-2.8291015625,1.86669921875,0.0,23759.2597644,40454000
480,-3.1982421875,-6.4990234375,-2.8291015625,1.79345703125,0.0,23759.2597644,40454000
481,-4.6845703125,-6.4345703125,-1.0419921875,0.92919921875,0.0,431.966382207,24033000
482,-4.3232421875,-6.4345703125,-1.0419921875,0.92919921875,0.0,969.353377769,23018000
483,-4.6845703125,-6.1240234375,-1.0419921875,0.92919921875,0.0,243.201104593,13907000
484,-4.6845703125,-6.4345703125,-1.4541015625,0.92919921875,0.0,526.223141542,28233000
485,-4.6845703125,-6.4345703125,-1.0419921875,1.23095703125,-100.0,431.966382207,25996000
486,-4.6845703125,-6.1240234375,-1.4541015625,1.23095703125,0.0,283.132870168,15799000
487,-4.3232421875,-6.4345703125,-1.4541015625,1.23095703125,0.0,1214.24064664,28349000
488,-4.3232421875,-6.1240234375,-1.0419921875,1.23095703125,0.0,546.349123039,13638000
489,-4.3232421875,-6.1240234375,-1.4541015625,0.92919921875,0.0,660.546611771,16101000
490,-4.3232421875,-6.1240234375,-1.4541015625,1.23095703125,0.0,660.546611771,16101000
491,-3.6845703125,-5.4345703125,-2.0419921875,-0.57080078125,0.0,447.797347836,8226000
492,-3.3232421875,-5.4345703125,-2.0419921875,-0.57080078125,0.0,1033.7302573,8427000
493,-3.6845703125,-5.1240234375,-2.0419921875,-0.57080078125,0.0,229.01091191400002,5442000
494,-3.6845703125,-5.4345703125,-2.4541015625,-0.57080078125,0.0,459.28630787,8166000
495,-3.6845703125,-5.4345703125,-2.0419921875,-0.26904296875,0.0,447.797347836,8226000
496,-3.6845703125,-5.1240234375,-2.4541015625,-0.26904296875,0.0,226.77523605099998,4724000
497,-3.3232421875,-5.4345703125,-2.4541015625,-0.26904296875,0.0,1064.93896247,8558000
498,-3.3232421875,-5.1240234375,-2.0419921875,-0.26904296875,0.0,555.39889191,12685000
499,-3.3232421875,-5.1240234375,-2.4541015625,-0.57080078125,0.0,553.83908586,4637000
500,-3.3232421875,-5.1240234375,-2.4541015625,-0.26904296875,0.0,553.83908586,4637000
501,-3.1845703125,-6.9345703125,-1.5419921875,1.67919921875,0.0,33197.0401501,52897000
502,-3.8232421875,-6.9345703125,-1.5419921875,1.67919921875,0.0,7628.12230118,52935000
503,-3.1845703125,-5.6240234375,-1.5419921875,1.67919921875,0.0,2643.85891582,6014000
504,-3.1845703125,-6.9345703125,-1.9541015625,1.67919921875,300.0,33192.6655794,52902000
505,-3.1845703125,-6.9345703125,-1.5419921875,0.48095703125,0.0,33197.0401501,50943000
506,-3.1845703125,-5.6240234375,-1.9541015625,0.48095703125,0.0,2897.03813282,6371000
507,-3.8232421875,-6.9345703125,-1.9541015625,0.48095703125,0.0,7624.32520794,50949000
508,-3.8232421875,-5.6240234375,-1.5419921875,0.48095703125,0.0,473.341075516,12943000
509,-3.8232421875,-5.6240234375,-1.9541015625,1.67919921875,100.0,509.96529887300005,14540000
510,-3.8232421875,-5.6240234375,-1.9541015625,0.48095703125,0.0,509.96529887300005,12062000
511,-4.1845703125,-5.9345703125,-2.5419921875,0.17919921875,0.0,695.932945416,12625000
512,-4.8232421875,-5.9345703125,-2.5419921875,0.17919921875,0.0,167.8315399,13216000
513,-4.1845703125,-6.6240234375,-2.5419921875,0.17919921875,0.0,3200.1537153,52251000
514,-4.1845703125,-5.9345703125,-2.9541015625,0.17919921875,0.0,715.490660603,12966000
515,-4.1845703125,-5.9345703125,-2.5419921875,1.98095703125,0.0,695.932945416,12625000
516,-4.1845703125,-6.6240234375,-2.9541015625,1.98095703125,0.0,3410.52750822,57608000
517,-4.8232421875,-5.9345703125,-2.9541015625,1.98095703125,300.0,167.43729567100002,18200000
518,-4.8232421875,-6.6240234375,-2.5419921875,1.98095703125,100.0,763.7543196080001,75053000
519,-4.8232421875,-6.6240234375,-2.9541015625,0.17919921875,-100.0,759.029995165,58357000
520,-4.8232421875,-6.6240234375,-2.9541015625,1.98095703125,-100.0,759.029995165,58357000
521,-4.4345703125,-6.6845703125,-2.2919921875,-0.19580078125,0.0,1968.45693773,57707000
522,-4.5732421875,-6.6845703125,-2.2919921875,-0.19580078125,0.0,1340.8486024000001,50318000
523,-4.4345703125,-6.3740234375,-2.2919921875,-0.19580078125,0.0,1053.87152433,31126000
524,-4.4345703125,-6.6845703125,-1.7041015625,-0.19580078125,0.0,1667.34464646,49435000
525,-4.4345703125,-6.6845703125,-2.2919921875,0.10595703125,0.0,1968.45693773,57707000
526,-4.4345703125,-6.3740234375,-1.7041015625,0.10595703125,0.0,925.957394867,28009000
527,-4.5732421875,-6.6845703125,-1.7041015625,0.10595703125,0.0,1220.91240712,49761000
528,-4.5732421875,-6.3740234375,-2.2919921875,0.10595703125,0.0,760.9674370060001,31103000
529,-4.5732421875,-6.3740234375,-1.7041015625,-0.19580078125,0.0,680.5007183719999,28237000
530,-4.5732421875,-6.3740234375,-1.7041015625,0.10595703125,0.0,680.5007183719999,28237000
531,-3.4345703125,-5.6845703125,-1.2919921875,1.30419921875,0.0,1785.27169425,6870000
532,-3.5732421875,-5.6845703125,-1.2919921875,1.30419921875,0.0,1248.43096275,6661000
533,-3.4345703125,-5.3740234375,-1.2919921875,1.30419921875,100.0,697.4658226380001,9861000
534,-3.4345703125,-5.6845703125,-2.7041015625,1.30419921875,0.0,2070.03354391,7591000
535,-3.4345703125,-5.6845703125,-1.2919921875,1.60595703125,0.0,1785.27169425,6870000
536,-3.4345703125,-5.3740234375,-2.7041015625,1.60595703125,0.0,897.677111812,4358000
537,-3.5732421875,-5.6845703125,-2.7041015625,1.60595703125,0.0,1485.04446778,7595000
538,-3.5732421875,-5.3740234375,-1.2919921875,1.60595703125,0.0,565.511316239,4042000
539,-3.5732421875,-5.3740234375,-2.7041015625,1.30419921875,100.0,542.137615051,10227000
540,-3.5732421875,-5.3740234375,-2.7041015625,1.60595703125,200.0,542.137615051,10284000
541,-3.9345703125,-6.1845703125,-2.7919921875,-0.94580078125,0.0,2247.53585214,21539000
542,-3.0732421875,-6.1845703125,-2.7919921875,-0.94580078125,0.0,15272.6156859,20346000
543,-3.9345703125,-5.8740234375,-2.7919921875,-0.94580078125,0.0,1062.37049895,11148000
544,-3.9345703125,-6.1845703125,-1.2041015625,-0.94580078125,0.0,1633.26305616,16299000
545,-3.9345703125,-6.1845703125,-2.7919921875,0.85595703125,0.0,2247.53585214,21539000
546,-3.9345703125,-5.8740234375,-1.2041015625,0.85595703125,0.0,877.982137722,9576000
547,-3.0732421875,-6.1845703125,-1.2041015625,0.85595703125,0.0,11691.7605873,16062000
548,-3.0732421875,-5.8740234375,-2.7919921875,0.85595703125,0.0,7817.73602883,11296000
549,-3.0732421875,-5.8740234375,-1.2041015625,-0.94580078125,0.0,6108.24181744,9272000
550,-3.0732421875,-5.8740234375,-1.2041015625,0.85595703125,0.0,6108.24181744,9272000
551,-4.9345703125,-5.1845703125,-1.7919921875,0.55419921875,1000.0,14.7684523778,9431000
552,-4.0732421875,-5.1845703125,-1.7919921875,0.55419921875,100.0,105.489629835,12400000
553,-4.9345703125,-6.8740234375,-1.7919921875,0.55419921875,200.0,590.474169545,52935000
554,-4.9345703125,-5.1845703125,-2.2041015625,0.55419921875,800.0,14.7436132082,7942000
555,-4.9345703125,-5.1845703125,-1.7919921875,-0.64404296875,0.0,14.7684523778,5842000
556,-4.9345703125,-6.8740234375,-2.2041015625,-0.64404296875,0.0,590.228687591,50944000
557,-4.0732421875,-5.1845703125,-2.2041015625,-0.64404296875,0.0,108.797588318,3118000
558,-4.0732421875,-6.8740234375,-1.7919921875,-0.64404296875,0.0,4291.29461817,50949000
559,-4.0732421875,-6.8740234375,-2.2041015625,0.55419921875,300.0,4291.52627834,52862000
560,-4.0732421875,-6.8740234375,-2.2041015625,-0.64404296875,0.0,4291.52627834,50948000
561,-4.9033203125,-6.7158203125,-1.4482421875,1.81982421875,0.0,514.802629619,52228000
562,-3.6669921875,-6.7158203125,-1.4482421875,1.81982421875,0.0,9067.00725597,47666000
563,-4.9033203125,-6.5927734375,-1.4482421875,1.81982421875,300.0,427.01497849099997,54231000
564,-4.9033203125,-6.7158203125,-1.1103515625,1.81982421875,100.0,574.2090590409999,60981000
565,-4.9033203125,-6.7158203125,-1.4482421875,-0.31591796875,0.0,514.802629619,45339000
566,-4.9033203125,-6.5927734375,-1.1103515625,-0.31591796875,0.0,371.840081923,33279000
567,-3.6669921875,-6.7158203125,-1.1103515625,-0.31591796875,0.0,9135.24761729,47087000
568,-3.6669921875,-6.5927734375,-1.4482421875,-0.31591796875,0.0,7016.34432335,36257000
569,-3.6669921875,-6.5927734375,-1.1103515625,1.81982421875,0.0,6651.36751863,34346000
570,-3.6669921875,-6.5927734375,-1.1103515625,-0.31591796875,0.0,6651.36751863,34346000
571,-3.9033203125,-5.7158203125,-2.4482421875,0.31982421875,0.0,763.536199256,8093000
572,-4.6669921875,-5.7158203125,-2.4482421875,0.31982421875,0.0,90.4374953115,13363000
573,-3.9033203125,-5.5927734375,-2.4482421875,0.31982421875,0.0,552.161074481,6365000
574,-3.9033203125,-5.7158203125,-2.1103515625,0.31982421875,0.0,748.283384008,7961000
575,-3.9033203125,-5.7158203125,-2.4482421875,1.18408203125,0.0,763.536199256,8093000
576,-3.9033203125,-5.5927734375,-2.1103515625,1.18408203125,0.0,402.586283695,12558000
577,-4.6669921875,-5.7158203125,-2.1103515625,1.18408203125,0.0,132.79783302299998,8149000
578,-4.6669921875,-5.5927734375,-2.4482421875,1.18408203125,800.0,71.6261398225,17555000
579,-4.6669921875,-5.5927734375,-2.1103515625,0.31982421875,400.0,68.01179518970001,14028000
580,-4.6669921875,-5.5927734375,-2.1103515625,1.18408203125,700.0,68.01179518970001,14506000
581,-3.4033203125,-6.2158203125,-1.9482421875,1.06982421875,0.0,7096.2614865,20205000
582,-4.1669921875,-6.2158203125,-1.9482421875,1.06982421875,0.0,1255.43834387,20639000
583,-3.4033203125,-5.0927734375,-1.9482421875,1.06982421875,0.0,424.627939096,6076000
584,-3.4033203125,-6.2158203125,-1.6103515625,1.06982421875,0.0,6515.93612712,18792000
585,-3.4033203125,-6.2158203125,-1.9482421875,1.93408203125,0.0,7096.2614865,20205000
586,-3.4033203125,-5.0927734375,-1.6103515625,1.93408203125,1300.0,401.905906287,9757000
587,-4.1669921875,-6.2158203125,-1.6103515625,1.93408203125,200.0,1170.48857971,28976000
588,-4.1669921875,-5.0927734375,-1.9482421875,1.93408203125,4300.0,69.8575896443,7344000
589,-4.1669921875,-5.0927734375,-1.6103515625,1.06982421875,500.0,64.557389622,7200000
590,-4.1669921875,-5.0927734375,-1.6103515625,1.93408203125,6300.0,64.557389622,9634000
591,-4.4033203125,-5.2158203125,-2.9482421875,-0.43017578125,0.0,55.3161953651,5782000
592,-3.1669921875,-5.2158203125,-2.9482421875,-0.43017578125,0.0,913.1674448030001,7116000
593,-4.4033203125,-6.0927734375,-2.9482421875,-0.43017578125,0.0,631.2530443119999,18061000
594,-4.4033203125,-5.2158203125,-2.6103515625,-0.43017578125,0.0,53.256769062,6896000
595,-4.4033203125,-5.2158203125,-2.9482421875,0.43408203125,200.0,55.3161953651,7687000
596,-4.4033203125,-6.0927734375,-2.6103515625,0.43408203125,0.0,626.233614785,17943000
597,-3.1669921875,-5.2158203125,-2.6103515625,0.43408203125,0.0,957.130175233,10580000
598,-3.1669921875,-6.0927734375,-2.9482421875,0.43408203125,0.0,10269.264872299998,17185000
599,-3.1669921875,-6.0927734375,-2.6103515625,-0.43017578125,0.0,10152.7821161,17083000
600,-3.1669921875,-6.0927734375,-2.6103515625,0.43408203125,0.0,10152.7821161,17083000
601,-4.1533203125,-6.4658203125,-2.1982421875,-0.80517578125,0.0,2440.00753313,37878000
602,-3.4169921875,-6.4658203125,-2.1982421875,-0.80517578125,0.0,12331.4444721,35636000
603,-4.1533203125,-6.8427734375,-2.1982421875,-0.80517578125,0.0,3569.80787674,50948000
604,-4.1533203125,-6.4658203125,-1.8603515625,-0.80517578125,0.0,2133.20677068,33199000
605,-4.1533203125,-6.4658203125,-2.1982421875,1.55908203125,100.0,2440.00753313,38935000
606,-4.1533203125,-6.8427734375,-1.8603515625,1.55908203125,0.0,3570.21889676,52943000
607,-3.4169921875,-6.4658203125,-1.8603515625,1.55908203125,0.0,11459.395497299998,33112000
608,-3.4169921875,-6.8427734375,-2.1982421875,1.55908203125,0.0,19446.2315127,52914000
609,-3.4169921875,-6.8427734375,-1.8603515625,-0.80517578125,0.0,19446.272643,50940000
610,-3.4169921875,-6.8427734375,-1.8603515625,1.55908203125,0.0,19446.272643,52907000
611,-3.1533203125,-5.4658203125,-1.1982421875,0.69482421875,0.0,1835.33760914,4575000
612,-4.4169921875,-5.4658203125,-1.1982421875,0.69482421875,0.0,102.552980352,4634000
613,-3.1533203125,-5.8427734375,-1.1982421875,0.69482421875,0.0,4625.87794722,8586000
614,-3.1533203125,-5.4658203125,-2.8603515625,0.69482421875,0.0,2117.56918623,4938000
615,-3.1533203125,-5.4658203125,-1.1982421875,0.05908203125,0.0,1835.33760914,4575000
616,-3.1533203125,-5.8427734375,-2.8603515625,0.05908203125,0.0,5902.48172975,10437000
617,-4.4169921875,-5.4658203125,-2.8603515625,0.05908203125,0.0,93.7024345431,8110000
618,-4.4169921875,-5.8427734375,-1.1982421875,0.05908203125,0.0,269.06567514200003,9026000
619,-4.4169921875,-5.8427734375,-2.8603515625,0.69482421875,0.0,331.25931746,10635000
620,-4.4169921875,-5.8427734375,-2.8603515625,0.05908203125,0.0,331.25931746,10635000
621,-3.6533203125,-6.9658203125,-2.6982421875,-0.05517578125,0.0,11255.8390903,50949000
622,-4.9169921875,-6.9658203125,-2.6982421875,-0.05517578125,0.0,612.98270039,52890000
623,-3.6533203125,-5.3427734375,-2.6982421875,-0.05517578125,0.0,482.84024698,4087000
624,-3.6533203125,-6.9658203125,-1.3603515625,-0.05517578125,0.0,11269.2945614,50878000
625,-3.6533203125,-6.9658203125,-2.6982421875,-0.69091796875,0.0,11255.8390903,50949000
626,-3.6533203125,-5.3427734375,-1.3603515625,-0.69091796875,0.0,391.21575331400004,5830000
627,-4.9169921875,-6.9658203125,-1.3603515625,-0.69091796875,0.0,614.000208651,50901000
628,-4.9169921875,-5.3427734375,-2.6982421875,-0.69091796875,0.0,22.546949489499998,7392000
629,-4.9169921875,-5.3427734375,-1.3603515625,-0.05517578125,0.0,20.367883778299998,6406000
630,-4.9169921875,-5.3427734375,-1.3603515625,-0.69091796875,0.0,20.367883778299998,6406000
631,-4.6533203125,-5.9658203125,-1.6982421875,1.44482421875,0.0,231.23004062099997,12450000
632,-3.9169921875,-5.9658203125,-1.6982421875,1.44482421875,0.0,1206.55447625,11979000
633,-4.6533203125,-6.3427734375,-1.6982421875,1.44482421875,100.0,521.047623743,37480000
634,-4.6533203125,-5.9658203125,-2.3603515625,1.44482421875,0.0,258.52527192400004,13630000
635,-4.6533203125,-5.9658203125,-1.6982421875,0.80908203125,0.0,231.23004062099997,12450000
636,-4.6533203125,-6.3427734375,-2.3603515625,0.80908203125,0.0,620.483822821,30479000
637,-3.9169921875,-5.9658203125,-2.3603515625,0.80908203125,0.0,1344.90194063,13129000
638,-3.9169921875,-6.3427734375,-1.6982421875,0.80908203125,0.0,2731.59767614,25050000
639,-3.9169921875,-6.3427734375,-2.3603515625,1.44482421875,0.0,3212.92596062,29035000
640,-3.9169921875,-6.3427734375,-2.3603515625,0.80908203125,0.0,3212.92596062,29035000
641,-4.5283203125,-6.0908203125,-2.5732421875,0.50732421875,0.0,475.91722427,18189000
642,-4.5419921875,-6.0908203125,-2.5732421875,0.50732421875,0.0,462.334391375,18225000
643,-4.5283203125,-6.2177734375,-2.5732421875,0.50732421875,0.0,628.824319342,23488000
644,-4.5283203125,-6.0908203125,-1.9853515625,0.50732421875,0.0,430.05965824,16611000
645,-4.5283203125,-6.0908203125,-2.5732421875,1.37158203125,0.0,475.91722427,18189000
646,-4.5283203125,-6.2177734375,-1.9853515625,1.37158203125,0.0,566.880321426,21482000
647,-4.5419921875,-6.0908203125,-1.9853515625,1.37158203125,0.0,417.027164542,16616000
648,-4.5419921875,-6.2177734375,-2.5732421875,1.37158203125,0.0,608.130817021,23464000
649,-4.5419921875,-6.2177734375,-1.9853515625,0.50732421875,0.0,549.644613339,21480000
650,-4.5419921875,-6.2177734375,-1.9853515625,1.37158203125,0.0,549.644613339,21480000
651,-3.5283203125,-5.0908203125,-1.5732421875,-0.99267578125,0.0,284.59303985400004,6088000
652,-3.5419921875,-5.0908203125,-1.5732421875,-0.99267578125,0.0,284.637049929,5998000
653,-3.5283203125,-5.2177734375,-1.5732421875,-0.99267578125,0.0,404.94180248699996,3174000
654,-3.5283203125,-5.0908203125,-2.9853515625,-0.99267578125,0.0,311.964544645,6390000
655,-3.5283203125,-5.0908203125,-1.5732421875,-0.12841796875,0.0,284.59303985400004,6088000
656,-3.5283203125,-5.2177734375,-2.9853515625,-0.12841796875,0.0,412.941099281,7361000
657,-3.5419921875,-5.0908203125,-2.9853515625,-0.12841796875,0.0,286.307777122,4586000
658,-3.5419921875,-5.2177734375,-1.5732421875,-0.12841796875,0.0,380.3105905,6976000
659,-3.5419921875,-5.2177734375,-2.9853515625,-0.99267578125,0.0,396.732187195,6585000
660,-3.5419921875,-5.2177734375,-2.9853515625,-0.12841796875,0.0,396.732187195,6585000
661,-3.0283203125,-6.5908203125,-2.0732421875,1.25732421875,0.0,35550.405786,41661000
662,-3.0419921875,-6.5908203125,-2.0732421875,1.25732421875,0.0,34465.7479199,41681000
663,-3.0283203125,-5.7177734375,-2.0732421875,1.25732421875,0.0,5381.41544921,7734000
664,-3.0283203125,-6.5908203125,-1.4853515625,1.25732421875,0.0,30227.109269599998,36012000
665,-3.0283203125,-6.5908203125,-2.0732421875,-0.87841796875,0.0,35550.405786,41661000
666,-3.0283203125,-5.7177734375,-1.4853515625,-0.87841796875,0.0,4969.11311821,7309000
667,-3.0419921875,-6.5908203125,-1.4853515625,-0.87841796875,0.0,29461.468340099997,36297000
668,-3.0419921875,-5.7177734375,-2.0732421875,-0.87841796875,0.0,5211.04235488,7730000
669,-3.0419921875,-5.7177734375,-1.4853515625,1.25732421875,0.0,4873.89942765,7365000
670,-3.0419921875,-5.7177734375,-1.4853515625,-0.87841796875,0.0,4873.89942765,7365000
671,-4.0283203125,-5.5908203125,-1.0732421875,-0.24267578125,0.0,333.154391264,5527000
672,-4.0419921875,-5.5908203125,-1.0732421875,-0.24267578125,0.0,322.97514371200003,5532000
673,-4.0283203125,-6.7177734375,-1.0732421875,-0.24267578125,0.0,4000.03692481,47496000
674,-4.0283203125,-5.5908203125,-2.4853515625,-0.24267578125,0.0,314.62345584,9940000
675,-4.0283203125,-5.5908203125,-1.0732421875,0.62158203125,0.0,333.154391264,5527000
676,-4.0283203125,-6.7177734375,-2.4853515625,0.62158203125,-100.0,4762.90859287,52871000
677,-4.0419921875,-5.5908203125,-2.4853515625,0.62158203125,0.0,291.547058802,14622000
678,-4.0419921875,-6.7177734375,-1.0732421875,0.62158203125,0.0,3877.32484661,47498000
679,-4.0419921875,-6.7177734375,-2.4853515625,-0.24267578125,0.0,4615.10551778,50946000
680,-4.0419921875,-6.7177734375,-2.4853515625,0.62158203125,-100.0,4615.10551778,52873000
681,-4.2783203125,-6.8408203125,-1.8232421875,0.13232421875,0.0,2677.23825102,52064000
682,-4.2919921875,-6.8408203125,-1.8232421875,0.13232421875,0.0,2594.30885526,50949000
683,-4.2783203125,-6.4677734375,-1.8232421875,0.13232421875,0.0,1631.20561366,33944000
684,-4.2783203125,-6.8408203125,-1.2353515625,0.13232421875,0.0,2607.19926939,49722000
685,-4.2783203125,-6.8408203125,-1.8232421875,-0.50341796875,0.0,2677.23825102,50948000
686,-4.2783203125,-6.4677734375,-1.2353515625,-0.50341796875,0.0,1226.9699276,26206000
687,-4.2919921875,-6.8408203125,-1.2353515625,-0.50341796875,0.0,2526.77066932,49729000
688,-4.2919921875,-6.4677734375,-1.8232421875,-0.50341796875,0.0,1570.781025,33665000
689,-4.2919921875,-6.4677734375,-1.2353515625,0.13232421875,0.0,1191.82910514,26269000
690,-4.2919921875,-6.4677734375,-1.2353515625,-0.50341796875,0.0,1191.82910514,26269000
691,-3.2783203125,-5.8408203125,-2.8232421875,1.63232421875,0.0,4383.26424297,10332000
692,-3.2919921875,-5.8408203125,-2.8232421875,1.63232421875,0.0,4236.72021161,10309000
693,-3.2783203125,-5.4677734375,-2.8232421875,1.63232421875,0.0,1389.62551905,8570000
694,-3.2783203125,-5.8408203125,-2.2353515625,1.63232421875,0.0,4239.18093731,10048000
695,-3.2783203125,-5.8408203125,-2.8232421875,0.99658203125,0.0,4383.26424297,10332000
696,-3.2783203125,-5.4677734375,-2.2353515625,0.99658203125,0.0,1276.38313206,7429000
697,-3.2919921875,-5.8408203125,-2.2353515625,0.99658203125,0.0,4092.50520292,10006000
698,-3.2919921875,-5.4677734375,-2.8232421875,0.99658203125,0.0,1602.52949147,5082000
699,-3.2919921875,-5.4677734375,-2.2353515625,1.63232421875,100.0,1253.24801547,10656000
700,-3.2919921875,-5.4677734375,-2.2353515625,0.99658203125,0.0,1253.24801547,8319000
701,-3.7783203125,-6.3408203125,-1.3232421875,-0.61767578125,0.0,3297.57247205,22361000
702,-3.7919921875,-6.3408203125,-1.3232421875,-0.61767578125,0.0,3215.58220989,22562000
703,-3.7783203125,-5.9677734375,-1.3232421875,-0.61767578125,0.0,1542.26739179,11311000
704,-3.7783203125,-6.3408203125,-1.7353515625,-0.61767578125,0.0,3753.84368069,25220000
705,-3.7783203125,-6.3408203125,-1.3232421875,1.74658203125,0.0,3297.57247205,22361000
706,-3.7783203125,-5.9677734375,-1.7353515625,1.74658203125,0.0,1690.74556841,12209000
707,-3.7919921875,-6.3408203125,-1.7353515625,1.74658203125,0.0,3635.99561243,25197000
708,-3.7919921875,-5.9677734375,-1.3232421875,1.74658203125,0.0,1490.08613813,11266000
709,-3.7919921875,-5.9677734375,-1.7353515625,-0.61767578125,0.0,1647.50695974,12239000
710,-3.7919921875,-5.9677734375,-1.7353515625,1.74658203125,0.0,1647.50695974,12239000
711,-4.7783203125,-5.3408203125,-2.3232421875,0.88232421875,1400.0,30.4979581198,12218000
712,-4.7919921875,-5.3408203125,-2.3232421875,0.88232421875,1400.0,29.348342957,15133000
713,-4.7783203125,-6.9677734375,-2.3232421875,0.88232421875,0.0,844.1646853889999,52937000
714,-4.7783203125,-5.3408203125,-2.7353515625,0.88232421875,600.0,30.8765399117,10384000
715,-4.7783203125,-5.3408203125,-2.3232421875,0.24658203125,0.0,30.4979581198,9107000
716,-4.7783203125,-6.9677734375,-2.7353515625,0.24658203125,0.0,843.369441214,52910000
717,-4.7919921875,-5.3408203125,-2.7353515625,0.24658203125,0.0,30.217330874800002,8015000
718,-4.7919921875,-6.9677734375,-2.3232421875,0.24658203125,0.0,817.994248813,52914000
719,-4.7919921875,-6.9677734375,-2.7353515625,0.88232421875,0.0,817.272889722,52934000
720,-4.7919921875,-6.9677734375,-2.7353515625,0.24658203125,0.0,817.272889722,52910000
721,-4.8408203125,-6.2783203125,-1.5107421875,0.03857421875,0.0,280.711400232,21871000
722,-3.2294921875,-6.2783203125,-1.5107421875,0.03857421875,0.0,10872.3399463,20792000
723,-4.8408203125,-5.4052734375,-1.5107421875,0.03857421875,0.0,28.2280645071,7409000
724,-4.8408203125,-6.2783203125,-2.0478515625,0.03857421875,0.0,321.67408961900003,24720000
725,-4.8408203125,-6.2783203125,-1.5107421875,1.65283203125,100.0,280.711400232,31630000
726,-4.8408203125,-5.4052734375,-2.0478515625,1.65283203125,900.0,29.7476853036,9102000
727,-3.2294921875,-6.2783203125,-2.0478515625,1.65283203125,0.0,12573.8930056,23834000
728,-3.2294921875,-5.4052734375,-1.5107421875,1.65283203125,0.0,1173.29539487,15771000
729,-3.2294921875,-5.4052734375,-2.0478515625,0.03857421875,0.0,1230.62715341,8022000
730,-3.2294921875,-5.4052734375,-2.0478515625,1.65283203125,100.0,1230.62715341,10539000
731,-3.8408203125,-5.2783203125,-2.5107421875,1.53857421875,0.0,256.183030184,3642000
732,-4.2294921875,-5.2783203125,-2.5107421875,1.53857421875,1000.0,92.16582491870001,11970000
733,-3.8408203125,-6.4052734375,-2.5107421875,1.53857421875,0.0,4559.01743485,34407000
734,-3.8408203125,-5.2783203125,-1.0478515625,1.53857421875,900.0,213.216252103,11167000
735,-3.8408203125,-5.2783203125,-2.5107421875,0.15283203125,0.0,256.183030184,3642000
736,-3.8408203125,-6.4052734375,-1.0478515625,0.15283203125,0.0,2763.62208501,21737000
737,-4.2294921875,-5.2783203125,-1.0478515625,0.15283203125,0.0,81.7951070925,9390000
738,-4.2294921875,-6.4052734375,-2.5107421875,0.15283203125,0.0,1858.07040154,34261000
739,-4.2294921875,-6.4052734375,-1.0478515625,1.53857421875,0.0,1166.71588938,22483000
740,-4.2294921875,-6.4052734375,-1.0478515625,0.15283203125,0.0,1166.71588938,22483000
741,-3.3408203125,-6.7783203125,-1.0107421875,-0.71142578125,0.0,23934.507264400003,63892000
742,-4.7294921875,-6.7783203125,-1.0107421875,-0.71142578125,0.0,959.740080011,62578000
743,-3.3408203125,-6.9052734375,-1.0107421875,-0.71142578125,0.0,21610.0038365,48604000
744,-3.3408203125,-6.7783203125,-2.5478515625,-0.71142578125,0.0,23187.0779223,50949000
745,-3.3408203125,-6.7783203125,-1.0107421875,-0.59716796875,0.0,23934.507264400003,63892000
746,-3.3408203125,-6.9052734375,-2.5478515625,-0.59716796875,0.0,23149.0275152,50949000
747,-4.7294921875,-6.7783203125,-2.5478515625,-0.59716796875,0.0,947.2972648130001,50946000
748,-4.7294921875,-6.9052734375,-1.0107421875,-0.59716796875,0.0,884.948476232,48679000
749,-4.7294921875,-6.9052734375,-2.5478515625,-0.71142578125,0.0,945.3897787110001,50944000
750,-4.7294921875,-6.9052734375,-2.5478515625,-0.59716796875,0.0,945.3897787110001,50944000
751,-4.3408203125,-5.7783203125,-2.0107421875,0.78857421875,0.0,320.054461621,9021000
752,-3.7294921875,-5.7783203125,-2.0107421875,0.78857421875,0.0,1288.59882497,8909000
753,-4.3408203125,-5.9052734375,-2.0107421875,0.78857421875,0.0,442.08907356199995,11709000
754,-4.3408203125,-5.7783203125,-1.5478515625,0.78857421875,0.0,295.289685266,8487000
755,-4.3408203125,-5.7783203125,-2.0107421875,0.90283203125,0.0,320.054461621,9021000
756,-4.3408203125,-5.9052734375,-1.5478515625,0.90283203125,0.0,396.568184392,10719000
757,-3.7294921875,-5.7783203125,-1.5478515625,0.90283203125,0.0,1187.75890867,8406000
758,-3.7294921875,-5.9052734375,-2.0107421875,0.90283203125,0.0,1758.1078197999998,11443000
759,-3.7294921875,-5.9052734375,-1.5478515625,0.78857421875,0.0,1614.39102361,10677000
760,-3.7294921875,-5.9052734375,-1.5478515625,0.90283203125,0.0,1614.39102361,10677000
761,-4.0908203125,-6.5283203125,-2.7607421875,1.16357421875,0.0,3361.86973056,44368000
762,-3.9794921875,-6.5283203125,-2.7607421875,1.16357421875,0.0,4401.69214055,45336000
763,-4.0908203125,-5.1552734375,-2.7607421875,1.16357421875,0.0,100.834066131,3070000
764,-4.0908203125,-6.5283203125,-2.7978515625,1.16357421875,0.0,3413.34625442,45299000
765,-4.0908203125,-6.5283203125,-2.7607421875,-0.97216796875,0.0,3361.86973056,44368000
766,-4.0908203125,-5.1552734375,-2.7978515625,-0.97216796875,0.0,100.833806576,3069000
767,-3.9794921875,-6.5283203125,-2.7978515625,-0.97216796875,0.0,4394.22444111,45143000
768,-3.9794921875,-5.1552734375,-2.7607421875,-0.97216796875,0.0,124.13915853600001,11143000
769,-3.9794921875,-5.1552734375,-2.7978515625,1.16357421875,500.0,125.01699888700001,10902000
770,-3.9794921875,-5.1552734375,-2.7978515625,-0.97216796875,0.0,125.01699888700001,6910000
771,-3.0908203125,-5.5283203125,-1.7607421875,-0.33642578125,0.0,2235.93619995,13091000
772,-4.9794921875,-5.5283203125,-1.7607421875,-0.33642578125,0.0,27.757670421799997,33367000
773,-3.0908203125,-6.1552734375,-1.7607421875,-0.33642578125,0.0,11894.3225269,16890000
774,-3.0908203125,-5.5283203125,-1.7978515625,-0.33642578125,0.0,2764.07551092,5358000
775,-3.0908203125,-5.5283203125,-1.7607421875,0.52783203125,0.0,2235.93619995,12167000
776,-3.0908203125,-6.1552734375,-1.7978515625,0.52783203125,0.0,12191.1982653,17290000
777,-4.9794921875,-5.5283203125,-1.7978515625,0.52783203125,300.0,28.386026919099997,21066000
778,-4.9794921875,-6.1552734375,-1.7607421875,0.52783203125,0.0,172.91496383700002,18703000
779,-4.9794921875,-6.1552734375,-1.7978515625,-0.33642578125,0.0,172.44264734700002,18591000
780,-4.9794921875,-6.1552734375,-1.7978515625,0.52783203125,0.0,172.44264734700002,18591000
781,-3.5908203125,-6.0283203125,-2.2607421875,1.91357421875,0.0,3226.30767492,14628000
782,-4.4794921875,-6.0283203125,-2.2607421875,1.91357421875,200.0,437.93191211199996,22185000
783,-3.5908203125,-6.6552734375,-2.2607421875,1.91357421875,0.0,12155.2856186,51361000
784,-3.5908203125,-6.0283203125,-2.2978515625,1.91357421875,0.0,3311.37837125,15000000
785,-3.5908203125,-6.0283203125,-2.2607421875,1.27783203125,0.0,3226.30767492,14628000
786,-3.5908203125,-6.6552734375,-2.2978515625,1.27783203125,0.0,12409.0742357,52550000
787,-4.4794921875,-6.0283203125,-2.2978515625,1.27783203125,0.0,441.320844623,15341000
788,-4.4794921875,-6.6552734375,-2.2607421875,1.27783203125,-100.0,1681.45209964,55458000
789,-4.4794921875,-6.6552734375,-2.2978515625,1.91357421875,0.0,1713.73934417,57336000
790,-4.4794921875,-6.6552734375,-2.2978515625,1.27783203125,0.0,1713.73934417,56395000
791,-4.5908203125,-5.0283203125,-1.2607421875,0.41357421875,600.0,21.7373387022,14454000
792,-3.4794921875,-5.0283203125,-1.2607421875,0.41357421875,0.0,278.439512725,8366000
793,-4.5908203125,-5.6552734375,-1.2607421875,0.41357421875,0.0,119.835830055,6684000
794,-4.5908203125,-5.0283203125,-1.2978515625,0.41357421875,300.0,22.1419921149,7307000
795,-4.5908203125,-5.0283203125,-1.2607421875,-0.22216796875,200.0,21.7373387022,15361000
796,-4.5908203125,-5.6552734375,-1.2978515625,-0.22216796875,0.0,119.108465559,6626000
797,-3.4794921875,-5.0283203125,-1.2978515625,-0.22216796875,0.0,282.84864929400004,3986000
798,-3.4794921875,-5.6552734375,-1.2607421875,-0.22216796875,0.0,1444.95942937,6377000
799,-3.4794921875,-5.6552734375,-1.2978515625,0.41357421875,0.0,1439.31128245,6304000
800,-3.4794921875,-5.6552734375,-1.2978515625,-0.22216796875,0.0,1439.31128245,6304000
